Redirect from,Redirect to
/about,/pages/about
/contact,/pages/contact
/book-online,/pages/book-a-fitting
/category/all-products,/collections/all
/shop,/collections/all
/category/car-stereos,/collections/android-radios
/category/car-speakers,/collections/speakers
/category/reverse-camera-installation-service,/collections/reverse-cameras
/product-page/bmw-reversing-camera-installation,/products/reverse-camera-installation
/product-page/audi-reverse-camera-installation,/products/reverse-camera-installation
/product-page/volkswagon-reverse-camera-installaton,/products/reverse-camera-installation
/product-page/honda-reverse-camera-installation,/products/reverse-camera-installation
/product-page/jbl-stadium-52cf-speakers-set,/collections/speakers
/product-page/coaxial-speaker-pair,/collections/speakers
/product-page/compact-single-din,/collections/android-radios
/service-page/bmw-apple-carplay,/products/carplay-installation-bmw
/service-page/bmw-android-auto-installation-id7,/products/android-auto-installation-bmw-id7
/service-page/android-radio-system-install,/products/android-radio-installation
/service-page/bmw-idrive-7-video-in-motion,/products/bmw-idrive7-video-in-motion
/service-page/bmw-japanese-to-europe-conversion,/products/bmw-japan-to-europe-conversion
/service-page/mercedes-japanese-to-european-spec-conversion,/products/mercedes-japan-to-europe-conversion
/service-page/vw-japan-to-europe-conversion,/products/vw-japan-to-europe-conversion
/service-page/radio-frequency-conversion-japan-to-europe,/products/radio-frequency-conversion-japan-to-europe
/service-page/customer-deposit-to-book-the-slot,/products/booking-deposit
/service-page/audio-system-upgrade,/collections/speakers
/service-page/car-audio-installation,/collections/installation-services
/service-page/product-selection-assistance,/pages/get-a-quote
/booking-calendar/bmw-apple-carplay,/products/carplay-installation-bmw
/booking-calendar/bmw-android-auto-installation-id7,/products/android-auto-installation-bmw-id7
/booking-calendar/android-radio-system-install,/products/android-radio-installation
/booking-calendar/bmw-idrive-7-video-in-motion,/products/bmw-idrive7-video-in-motion
/booking-calendar/bmw-japanese-to-europe-conversion,/products/bmw-japan-to-europe-conversion
/booking-calendar/mercedes-japanese-to-european-spec-conversion,/products/mercedes-japan-to-europe-conversion
/booking-calendar/vw-japan-to-europe-conversion,/products/vw-japan-to-europe-conversion
/booking-calendar/radio-frequency-conversion-japan-to-europe,/products/radio-frequency-conversion-japan-to-europe
/booking-calendar/customer-deposit-to-book-the-slot,/products/booking-deposit
/booking-calendar/audio-system-upgrade,/collections/speakers
/booking-calendar/car-audio-installation,/collections/installation-services
/booking-calendar/product-selection-assistance,/pages/get-a-quote
/cart-page,/cart
